comparison,setA_wape,setB_wape,ehr_relative_gain_pp
base,12.161874379832383,12.636959467704541,-0.47508508787215753
surrogate,12.160671225684148,15.042272737238157,-2.8816015115540097
